id,name,email,password,role
5,John Doe,johndoe@example.com,1234@Bcd,user
6,Jane Smith,janesmith@example.com,1234@Bcd,user
7,Bob Johnson,bobjohnson@example.com,1234@Bcd,user
8,Alice Williams,alicewilliams@example.com,1234@Bcd,user
9,Charlie Brown,charliebrown@example.com,1234@Bcd,user
10,Diana Prince,dianaprince@example.com,1234@Bcd,user
11,Edward Elric,edwardelric@example.com,1234@Bcd,user
12,Flora Green,floragreen@example.com,1234@Bcd,user
13,George Martin,georgemartin@example.com,1234@Bcd,user
14,Hannah Lee,hannahlee@example.com,1234@Bcd,user
15,Isaac Asimov,isaacasimov@example.com,1234@Bcd,user
16,Julia Child,juliachild@example.com,1234@Bcd,user
17,Karen Walker,karenwalker@example.com,1234@Bcd,user
18,Liam Neeson,liamneeson@example.com,1234@Bcd,user
19,Mia Wong,miawong@example.com,1234@Bcd,user
20,Nora Roberts,noraroberts@example.com,1234@Bcd,user
21,Owen Wilson,owenwilson@example.com,1234@Bcd,user
22,Penny Lane,pennylane@example.com,1234@Bcd,user
23,Quincy Jones,quincyjones@example.com,1234@Bcd,user
24,Rita Moreno,ritamoreno@example.com,1234@Bcd,user
25,Sam Smith,samsmith@example.com,1234@Bcd,user
26,Tina Turner,tinaturner@example.com,1234@Bcd,user
27,Ursula K. Le Guin,ursulakleguin@example.com,1234@Bcd,user
28,Victor Hugo,victorhugot@example.com,1234@Bcd,user
29,Wendy Williams,wendywilliams@example.com,1234@Bcd,user
30,Xander Cage,xandercage@example.com,1234@Bcd,user
31,Yasmine Bleeth,yasminebleeth@example.com,1234@Bcd,user
32,Zach Galifianakis,zachgalifianakis@example.com,1234@Bcd,user
33,Aiden Pearce,aidenpearce@example.com,1234@Bcd,user
34,Bella Swan,bellaswan@example.com,1234@Bcd,user
35,Chris Evans,chrisevans@example.com,1234@Bcd,user
36,Daisy Ridley,daisyridley@example.com,1234@Bcd,user
37,Elena Gilbert,elenagilbert@example.com,1234@Bcd,user
38,Frank Underwood,frankunderwood@example.com,1234@Bcd,user
39,Grace Hopper,gracehopper@example.com,1234@Bcd,user
40,Hank Azaria,hankazaria@example.com,1234@Bcd,user
41,Ivy League,ivyleague@example.com,1234@Bcd,user
42,Jerry Seinfeld,jerryseinfeld@example.com,1234@Bcd,user
43,Katy Perry,katyperry@example.com,1234@Bcd,user
44,Luke Skywalker,lukeskywalker@example.com,1234@Bcd,user
45,Monica Geller,monicageller@example.com,1234@Bcd,user
46,Ned Stark,nedstark@example.com,1234@Bcd,user
47,Olivia Benson,oliviabenson@example.com,1234@Bcd,user
48,Pete Davidson,petedavidson@example.com,1234@Bcd,user
49,Quinn Fabray,quinnfabray@example.com,1234@Bcd,user
50,Rick Grimes,rickgrimes@example.com,1234@Bcd,user
51,Sherlock Holmes,sherlockholmes@example.com,1234@Bcd,user
52,Tony Stark,tonystark@example.com,1234@Bcd,user
53,Uma Thurman,umathurman@example.com,1234@Bcd,user
54,Vera Wang,verawang@example.com,1234@Bcd,user
