id,name
5,John Doe
6,Jane Smith
7,Bob Johnson
8,Alice Williams
9,Charlie Brown
10,Diana Prince
11,Edward Elric
12,Flora Green
13,George Martin
14,Hannah Lee
15,Isaac Asimov
16,Julia Child
17,Karen Walker
18,Liam Neeson
19,Mia Wong
20,Nora Roberts
21,Owen Wilson
22,Penny Lane
23,Quincy Jones
24,Rita Moreno
25,Sam Smith
26,Tina Turner
27,Ursula K. Le Guin
28,Victor Hugo
29,Wendy Williams
30,Xander Cage
31,Yasmine Bleeth
32,Zach Galifianakis
33,Aiden Pearce
34,Bella Swan
35,Chris Evans
36,Daisy Ridley
37,Elena Gilbert
38,Frank Underwood
39,Grace Hopper
40,Hank Azaria
41,Ivy League
42,Jerry Seinfeld
43,Katy Perry
44,Luke Skywalker
45,Monica Geller
46,Ned Stark
47,Olivia Benson
48,Pete Davidson
49,Quinn Fabray
50,Rick Grimes
51,Sherlock Holmes
52,Tony Stark
53,Uma Thurman
54,Vera Wang
